"","Date","Case.split","ID.split","TEST","T.UNIT","T.No","D.UNIT","D.SLOT","D.Board.Name","¯u¦]SLOT","Priority","ok","fail"
"397","2018/10/20 19:32","C99","6-1","5304","TH","3","TH","97E5","BIR-026804","1",0.7,0.0217610136920903,0.97823898630791
"398","2018/10/20 19:32","C99","6-2","5304","TH","3","TH","CALEF","BGR-026746","0",0.2,0.964354252875492,0.0356457471245078
"395","2018/10/20 19:32","C98","5-1","5303","TH","3","TH","97E5","BIR-026804","1",0.7,0.0333151922552053,0.966684807744795
"396","2018/10/20 19:32","C98","5-2","5303","TH","3","TH","CALEF","BGR-026746","0",0.2,0.977138513662491,0.0228614863375091
"393","2018/10/20 19:32","C97","4-1","5302","TH","3","TH","97E5","BIR-026804","1",0.7,0.0282587302183063,0.971741269781694
"394","2018/10/20 19:32","C97","4-2","5302","TH","3","TH","CALEF","BGR-026746","0",0.2,0.967261172581592,0.0327388274184077
"384","2018/10/18 10:28","C96","29-1","5212","TH","2","TH","1C1","BIR-026805","0",0.7,0.878936152918359,0.121063847081641
"386","2018/10/18 10:28","C96","29-3","5212","TH","2","TH","1C5","BIR-026805","0",0.7,0.930087850013593,0.0699121499864075
"388","2018/10/18 10:28","C96","29-5","5212","TH","2","TH","33C1","BIR-026804","0",0.7,0.958979327972688,0.0410206720273125
"390","2018/10/18 10:28","C96","29-7","5212","TH","2","TH","33C5","BIR-026804","0",0.7,0.961664254225699,0.038335745774301
"389","2018/10/18 10:28","C96","29-6","5212","TH","2","TH","97C1","BIR-026804","0",0.7,0.9680761747627,0.0319238252373003
"387","2018/10/18 10:28","C96","29-4","5212","TH","2","TH","25C1","BIR-026805","0",0.7,0.975128048147023,0.0248719518529769
"392","2018/10/18 10:28","C96","29-9","5212","TH","2","PGFM","25","BGR-026378","0",0.1,0.976891606245753,0.0231083937542471
"385","2018/10/18 10:28","C96","29-2","5212","TH","2","TH","17C1","BIR-026805","0",0.7,0.981099831865979,0.0189001681340214
"391","2018/10/18 10:28","C96","29-8","5212","TH","2","TH","CALCD","BGR-026746","0",0.2,0.98619687897237,0.01380312102763
"381","2018/10/18 10:28","C95","28-8","5211","TH","2","TH","97C5","BIR-026804","1",0.7,0.101677573921585,0.898322426078415
"374","2018/10/18 10:28","C95","28-1","5211","TH","2","TH","1C1","BIR-026805","0",0.7,0.859666062008465,0.140333937991535
"376","2018/10/18 10:28","C95","28-3","5211","TH","2","TH","1C5","BIR-026805","0",0.7,0.910552363734787,0.0894476362652129
"379","2018/10/18 10:28","C95","28-6","5211","TH","2","TH","97C1","BIR-026804","0",0.7,0.955430113276543,0.0445698867234572
"380","2018/10/18 10:28","C95","28-7","5211","TH","2","TH","33C5","BIR-026804","0",0.7,0.956434164896276,0.0435658351037242
"378","2018/10/18 10:28","C95","28-5","5211","TH","2","TH","33C1","BIR-026804","0",0.7,0.961585824657688,0.0384141753423114
"377","2018/10/18 10:28","C95","28-4","5211","TH","2","TH","25C1","BIR-026805","0",0.7,0.964281204817992,0.035718795182008
"383","2018/10/18 10:28","C95","28-10","5211","TH","2","PGFM","25","BGR-026378","0",0.1,0.968168915133187,0.0318310848668127
"375","2018/10/18 10:28","C95","28-2","5211","TH","2","TH","17C1","BIR-026805","0",0.7,0.968841213365129,0.031158786634871
"382","2018/10/18 10:28","C95","28-9","5211","TH","2","TH","CALCD","BGR-026746","0",0.2,0.978276371977319,0.0217236280226816
"368","2018/10/18 10:28","C94","27-1","5210","TH","2","TH","1C1","BIR-026805","0",0.7,0.878000612094767,0.121999387905233
"369","2018/10/18 10:28","C94","27-2","5210","TH","2","TH","1C5","BIR-026805","0",0.7,0.935871951182562,0.064128048817438
"371","2018/10/18 10:28","C94","27-4","5210","TH","2","TH","33C5","BIR-026804","0",0.7,0.960935524121245,0.0390644758787545
"370","2018/10/18 10:28","C94","27-3","5210","TH","2","TH","33C1","BIR-026804","0",0.7,0.965619688864959,0.0343803111350415
"373","2018/10/18 10:28","C94","27-6","5210","TH","2","PGFM","25","BGR-026378","0",0.1,0.985890935016082,0.0141090649839183
"372","2018/10/18 10:28","C94","27-5","5210","TH","2","TH","CALCD","BGR-026746","0",0.2,0.991099964782907,0.00890003521709326
"365","2018/10/18 10:28","C93","26-8","5209","TH","2","TH","97C5","BIR-026804","1",0.7,0.121547800816499,0.878452199183501
"360","2018/10/18 10:28","C93","26-3","5209","TH","2","TH","1C5","BIR-026805","0",0.7,0.849505447259046,0.150494552740954
"358","2018/10/18 10:28","C93","26-1","5209","TH","2","TH","1C1","BIR-026805","0",0.7,0.853105613789167,0.146894386210833
"362","2018/10/18 10:28","C93","26-5","5209","TH","2","TH","33C1","BIR-026804","0",0.7,0.967138528034212,0.0328614719657877
"364","2018/10/18 10:28","C93","26-7","5209","TH","2","TH","33C5","BIR-026804","0",0.7,0.968426880790747,0.0315731192092527
"361","2018/10/18 10:28","C93","26-4","5209","TH","2","TH","25C1","BIR-026805","0",0.7,0.97227482313786,0.0277251768621404
"363","2018/10/18 10:28","C93","26-6","5209","TH","2","TH","97C1","BIR-026804","0",0.7,0.972389877542044,0.0276101224579557
"359","2018/10/18 10:28","C93","26-2","5209","TH","2","TH","17C1","BIR-026805","0",0.7,0.976292534278535,0.0237074657214646
"367","2018/10/18 10:28","C93","26-10","5209","TH","2","PGFM","25","BGR-026378","0",0.1,0.97807147132813,0.0219285286718698
"366","2018/10/18 10:28","C93","26-9","5209","TH","2","TH","CALCD","BGR-026746","0",0.2,0.985422671476468,0.0145773285235324
"355","2018/10/18 10:28","C92","25-8","5208","TH","2","TH","97C5","BIR-026804","1",0.7,0.105718855841898,0.894281144158102
"348","2018/10/18 10:28","C92","25-1","5208","TH","2","TH","1C1","BIR-026805","0",0.7,0.876161086536583,0.123838913463417
"350","2018/10/18 10:28","C92","25-3","5208","TH","2","TH","1C5","BIR-026805","0",0.7,0.924759018790866,0.0752409812091339
"354","2018/10/18 10:28","C92","25-7","5208","TH","2","TH","33C5","BIR-026804","0",0.7,0.948383755364782,0.0516162446352177
"352","2018/10/18 10:28","C92","25-5","5208","TH","2","TH","33C1","BIR-026804","0",0.7,0.950108628698268,0.0498913713017318
"353","2018/10/18 10:28","C92","25-6","5208","TH","2","TH","97C1","BIR-026804","0",0.7,0.950983534892727,0.0490164651072733
"357","2018/10/18 10:28","C92","25-10","5208","TH","2","PGFM","25","BGR-026378","0",0.1,0.951999321880759,0.0480006781192414
"349","2018/10/18 10:28","C92","25-2","5208","TH","2","TH","17C1","BIR-026805","0",0.7,0.957474492248498,0.0425255077515021
"351","2018/10/18 10:28","C92","25-4","5208","TH","2","TH","25C1","BIR-026805","0",0.7,0.964628898435002,0.0353711015649978
"356","2018/10/18 10:28","C92","25-9","5208","TH","2","TH","CALCD","BGR-026746","0",0.2,0.98255997442276,0.01744002557724
"345","2018/10/18 10:28","C91","24-8","5207","TH","2","TH","97C5","BIR-026804","1",0.7,0.109611758213838,0.890388241786162
"338","2018/10/18 10:28","C91","24-1","5207","TH","2","TH","1C1","BIR-026805","0",0.7,0.860876708966099,0.139123291033901
"340","2018/10/18 10:28","C91","24-3","5207","TH","2","TH","1C5","BIR-026805","0",0.7,0.90047297500661,0.0995270249933899
"343","2018/10/18 10:28","C91","24-6","5207","TH","2","TH","97C1","BIR-026804","0",0.7,0.954490451498518,0.0455095485014823
"342","2018/10/18 10:28","C91","24-5","5207","TH","2","TH","33C1","BIR-026804","0",0.7,0.954823241104208,0.0451767588957921
"344","2018/10/18 10:28","C91","24-7","5207","TH","2","TH","33C5","BIR-026804","0",0.7,0.956734611110572,0.0432653888894278
"347","2018/10/18 10:28","C91","24-10","5207","TH","2","PGFM","25","BGR-026378","0",0.1,0.968436193415659,0.031563806584341
"341","2018/10/18 10:28","C91","24-4","5207","TH","2","TH","25C1","BIR-026805","0",0.7,0.968961026447971,0.0310389735520293
"339","2018/10/18 10:28","C91","24-2","5207","TH","2","TH","17C1","BIR-026805","0",0.7,0.971381505274267,0.0286184947257334
"346","2018/10/18 10:28","C91","24-9","5207","TH","2","TH","CALCD","BGR-026746","0",0.2,0.979791621535631,0.020208378464369
"337","2018/10/18 10:28","C90","23-2","5205","TH","2","PGFM","25","BGR-026378","0",0.1,0.976891606245753,0.0231083937542471
"336","2018/10/18 10:28","C90","23-1","5205","TH","2","TH","CALCD","BGR-026746","0",0.2,0.988652605980588,0.0113473940194123
"20","2016/6/14 09:14","C9","1-3","5012","TH","13","TH","1E5","BPR-030837","1",0.7,0.161987478853541,0.838012521146459
"18","2016/6/14 09:14","C9","1-1","5012","TH","13","TH","1C5","BPR-030837","1",0.7,0.245913229160909,0.754086770839091
"19","2016/6/14 09:14","C9","1-2","5012","TH","13","TH","1E1","BPR-030837","1",0.7,0.46414686464911,0.53585313535089
"333","2018/10/18 10:28","C89","22-8","5204","TH","2","TH","97C5","BIR-026804","1",0.7,0.10482365247771,0.89517634752229
"326","2018/10/18 10:28","C89","22-1","5204","TH","2","TH","1C1","BIR-026805","0",0.7,0.864029970297876,0.135970029702124
"328","2018/10/18 10:28","C89","22-3","5204","TH","2","TH","1C5","BIR-026805","0",0.7,0.902588744395837,0.0974112556041632
"332","2018/10/18 10:28","C89","22-7","5204","TH","2","TH","33C5","BIR-026804","0",0.7,0.953248458543001,0.0467515414569991
"330","2018/10/18 10:28","C89","22-5","5204","TH","2","TH","33C1","BIR-026804","0",0.7,0.956646610817723,0.0433533891822767
"331","2018/10/18 10:28","C89","22-6","5204","TH","2","TH","97C1","BIR-026804","0",0.7,0.96526433613873,0.0347356638612701
"329","2018/10/18 10:28","C89","22-4","5204","TH","2","TH","25C1","BIR-026805","0",0.7,0.973890287749515,0.026109712250485
"327","2018/10/18 10:28","C89","22-2","5204","TH","2","TH","17C1","BIR-026805","0",0.7,0.977666771726259,0.0223332282737413
"335","2018/10/18 10:28","C89","22-10","5204","TH","2","PGFM","25","BGR-026378","0",0.1,0.981489503635483,0.018510496364517
"334","2018/10/18 10:28","C89","22-9","5204","TH","2","TH","CALCD","BGR-026746","0",0.2,0.985733326070764,0.0142666739292357
"323","2018/10/18 10:28","C88","21-8","5203","TH","2","TH","97C5","BIR-026804","1",0.7,0.101058102263524,0.898941897736476
"316","2018/10/18 10:28","C88","21-1","5203","TH","2","TH","1C1","BIR-026805","0",0.7,0.864243035803046,0.135756964196954
"318","2018/10/18 10:28","C88","21-3","5203","TH","2","TH","1C5","BIR-026805","0",0.7,0.92392152853731,0.0760784714626899
"319","2018/10/18 10:28","C88","21-4","5203","TH","2","TH","25C1","BIR-026805","0",0.7,0.955443668214651,0.0445563317853493
"322","2018/10/18 10:28","C88","21-7","5203","TH","2","TH","33C5","BIR-026804","0",0.7,0.956742413986232,0.0432575860137683
"320","2018/10/18 10:28","C88","21-5","5203","TH","2","TH","33C1","BIR-026804","0",0.7,0.959990652511544,0.0400093474884562
"321","2018/10/18 10:28","C88","21-6","5203","TH","2","TH","97C1","BIR-026804","0",0.7,0.966019405439419,0.033980594560581
"317","2018/10/18 10:28","C88","21-2","5203","TH","2","TH","17C1","BIR-026805","0",0.7,0.966037267971303,0.0339627320286973
"325","2018/10/18 10:28","C88","21-10","5203","TH","2","PGFM","25","BGR-026378","0",0.1,0.976555614781106,0.0234443852188944
"324","2018/10/18 10:28","C88","21-9","5203","TH","2","TH","CALCD","BGR-026746","0",0.2,0.981181509875845,0.0188184901241549
"313","2018/10/18 10:28","C87","20-8","5202","TH","2","TH","97C5","BIR-026804","1",0.7,0.104453053104556,0.895546946895444
"306","2018/10/18 10:28","C87","20-1","5202","TH","2","TH","1C1","BIR-026805","0",0.7,0.856029807832482,0.143970192167518
"308","2018/10/18 10:28","C87","20-3","5202","TH","2","TH","1C5","BIR-026805","0",0.7,0.914052301813115,0.0859476981868854
"312","2018/10/18 10:28","C87","20-7","5202","TH","2","TH","33C5","BIR-026804","0",0.7,0.954304060794608,0.0456959392053916
"311","2018/10/18 10:28","C87","20-6","5202","TH","2","TH","97C1","BIR-026804","0",0.7,0.956981772708533,0.0430182272914672
"310","2018/10/18 10:28","C87","20-5","5202","TH","2","TH","33C1","BIR-026804","0",0.7,0.962796799111972,0.0372032008880278
"315","2018/10/18 10:28","C87","20-10","5202","TH","2","PGFM","25","BGR-026378","0",0.1,0.972456502057003,0.0275434979429969
"307","2018/10/18 10:28","C87","20-2","5202","TH","2","TH","17C1","BIR-026805","0",0.7,0.975577965608692,0.0244220343913077
"309","2018/10/18 10:28","C87","20-4","5202","TH","2","TH","25C1","BIR-026805","0",0.7,0.979764416167196,0.020235583832804
"314","2018/10/18 10:28","C87","20-9","5202","TH","2","TH","CALCD","BGR-026746","0",0.2,0.980609886322855,0.0193901136771454
"303","2018/10/18 10:28","C86","19-8","5201","TH","2","TH","97C5","BIR-026804","1",0.7,0.111433142029459,0.88856685797054
"298","2018/10/18 10:28","C86","19-3","5201","TH","2","TH","1C5","BIR-026805","0",0.7,0.854993384023192,0.145006615976808
"296","2018/10/18 10:28","C86","19-1","5201","TH","2","TH","1C1","BIR-026805","0",0.7,0.894461746198071,0.105538253801929
"302","2018/10/18 10:28","C86","19-7","5201","TH","2","TH","33C5","BIR-026804","0",0.7,0.95802895580464,0.0419710441953601
"300","2018/10/18 10:28","C86","19-5","5201","TH","2","TH","33C1","BIR-026804","0",0.7,0.96629932850723,0.0337006714927704
"299","2018/10/18 10:28","C86","19-4","5201","TH","2","TH","25C1","BIR-026805","0",0.7,0.96638250673704,0.0336174932629604
"301","2018/10/18 10:28","C86","19-6","5201","TH","2","TH","97C1","BIR-026804","0",0.7,0.973235265110658,0.0267647348893417
"297","2018/10/18 10:28","C86","19-2","5201","TH","2","TH","17C1","BIR-026805","0",0.7,0.985358502426504,0.0146414975734963
"305","2018/10/18 10:28","C86","19-10","5201","TH","2","PGFM","25","BGR-026378","0",0.1,0.986162868475846,0.0138371315241541
"304","2018/10/18 10:28","C86","19-9","5201","TH","2","TH","CALCD","BGR-026746","0",0.2,0.989868189238397,0.010131810761603
"287","2018/10/18 10:28","C85","18-1","5118","TH","1","TH","1C1","BIR-026805","0",0.7,0.908288174963031,0.0917118250369689
"289","2018/10/18 10:28","C85","18-3","5118","TH","1","TH","1C5","BIR-026805","0",0.7,0.926983916265936,0.0730160837340642
"293","2018/10/18 10:28","C85","18-7","5118","TH","1","TH","33C5","BIR-026804","0",0.7,0.955854460019754,0.0441455399802464
"292","2018/10/18 10:28","C85","18-6","5118","TH","1","TH","97C1","BIR-026804","0",0.7,0.956814228728423,0.0431857712715766
"291","2018/10/18 10:28","C85","18-5","5118","TH","1","TH","33C1","BIR-026804","0",0.7,0.959216723686098,0.0407832763139024
"290","2018/10/18 10:28","C85","18-4","5118","TH","1","TH","25C1","BIR-026805","0",0.7,0.975106437269022,0.0248935627309781
"288","2018/10/18 10:28","C85","18-2","5118","TH","1","TH","17C1","BIR-026805","0",0.7,0.982739537432026,0.0172604625679737
"295","2018/10/18 10:28","C85","18-9","5118","TH","1","PGFM","25","BGR-026378","0",0.1,0.986599227843289,0.0134007721567111
"294","2018/10/18 10:28","C85","18-8","5118","TH","1","TH","CALCD","BGR-026746","0",0.2,0.992689380295678,0.00731061970432197
"286","2018/10/18 10:28","C84","17-2","5117","TH","1","PGFM","25","BGR-026378","0",0.1,0.98799493741824,0.0120050625817597
"285","2018/10/18 10:28","C84","17-1","5117","TH","1","TH","CALCD","BGR-026746","0",0.2,0.994085089870629,0.00591491012937053
"284","2018/10/18 10:28","C83","16-2","5116","TH","1","PGFM","25","BGR-026378","0",0.1,0.988447721891456,0.0115522781085444
"283","2018/10/18 10:28","C83","16-1","5116","TH","1","TH","CALCD","BGR-026746","0",0.2,0.992689380295678,0.00731061970432197
"282","2018/10/18 10:28","C82","15-2","5115","TH","1","PGFM","25","BGR-026378","0",0.1,0.986599227843289,0.0134007721567111
"281","2018/10/18 10:28","C82","15-1","5115","TH","1","TH","CALCD","BGR-026746","0",0.2,0.992689380295678,0.00731061970432197
"280","2018/10/18 10:28","C81","14-2","5114","TH","1","PGFM","25","BGR-026378","0",0.1,0.986599227843289,0.0134007721567111
"279","2018/10/18 10:28","C81","14-1","5114","TH","1","TH","CALCD","BGR-026746","0",0.2,0.992689380295678,0.00731061970432197
"278","2018/10/18 10:28","C80","13-2","5113","TH","1","PGFM","25","BGR-026378","0",0.1,0.986599227843289,0.0134007721567111
"277","2018/10/18 10:28","C80","13-1","5113","TH","1","TH","CALCD","BGR-026746","0",0.2,0.992689380295678,0.00731061970432197
"17","2016/6/14 09:14","C8","1-3","5012","TH","13","TH","1E5","BPR-030837","1",0.7,0.161987478853541,0.838012521146459
"15","2016/6/14 09:14","C8","1-1","5012","TH","13","TH","1C5","BPR-030837","1",0.7,0.245913229160909,0.754086770839091
"16","2016/6/14 09:14","C8","1-2","5012","TH","13","TH","1E1","BPR-030837","1",0.7,0.46414686464911,0.53585313535089
"274","2018/10/18 10:28","C79","12-8","5112","TH","1","TH","97C5","BIR-026804","1",0.7,0.104728266463333,0.895271733536667
"267","2018/10/18 10:28","C79","12-1","5112","TH","1","TH","1C1","BIR-026805","0",0.7,0.864804612701677,0.135195387298323
"269","2018/10/18 10:28","C79","12-3","5112","TH","1","TH","1C5","BIR-026805","0",0.7,0.900568036275974,0.0994319637240261
"273","2018/10/18 10:28","C79","12-7","5112","TH","1","TH","33C5","BIR-026804","0",0.7,0.933705040520561,0.0662949594794394
"272","2018/10/18 10:28","C79","12-6","5112","TH","1","TH","97C1","BIR-026804","0",0.7,0.935656842499098,0.0643431575009021
"271","2018/10/18 10:28","C79","12-5","5112","TH","1","TH","33C1","BIR-026804","0",0.7,0.937383748720514,0.0626162512794856
"270","2018/10/18 10:28","C79","12-4","5112","TH","1","TH","25C1","BIR-026805","0",0.7,0.944780490409769,0.055219509590231
"268","2018/10/18 10:28","C79","12-2","5112","TH","1","TH","17C1","BIR-026805","0",0.7,0.952888722126874,0.0471112778731258
"275","2018/10/18 10:28","C79","12-9","5112","TH","1","TH","CALCD","BGR-026746","0",0.2,0.961459861037397,0.0385401389626028
"276","2018/10/18 10:28","C79","12-10","5112","TH","1","PGFM","25","BGR-026378","0",0.1,0.965984546646962,0.0340154533530381
"264","2018/10/18 10:28","C78","11-8","5111","TH","1","TH","97C5","BIR-026804","1",0.7,0.154026702169208,0.845973297830792
"259","2018/10/18 10:28","C78","11-3","5111","TH","1","TH","1C5","BIR-026805","0",0.7,0.915605218339232,0.0843947816607682
"257","2018/10/18 10:28","C78","11-1","5111","TH","1","TH","1C1","BIR-026805","0",0.7,0.916897420697407,0.0831025793025928
"261","2018/10/18 10:28","C78","11-5","5111","TH","1","TH","33C1","BIR-026804","0",0.7,0.939096255444054,0.0609037445559462
"263","2018/10/18 10:28","C78","11-7","5111","TH","1","TH","33C5","BIR-026804","0",0.7,0.948970903652029,0.0510290963479713
"262","2018/10/18 10:28","C78","11-6","5111","TH","1","TH","97C1","BIR-026804","0",0.7,0.951612755446245,0.0483872445537555
"258","2018/10/18 10:28","C78","11-2","5111","TH","1","TH","17C1","BIR-026805","0",0.7,0.964533911620361,0.0354660883796392
"266","2018/10/18 10:28","C78","11-10","5111","TH","1","PGFM","25","BGR-026378","0",0.1,0.967698575999101,0.0323014240008991
"260","2018/10/18 10:28","C78","11-4","5111","TH","1","TH","25C1","BIR-026805","0",0.7,0.974061289195929,0.0259387108040704
"265","2018/10/18 10:28","C78","11-9","5111","TH","1","TH","CALCD","BGR-026746","0",0.2,0.977240421731869,0.0227595782681308
"254","2018/10/18 10:28","C77","10-8","5110","TH","1","TH","97C5","BIR-026804","1",0.7,0.148782800754369,0.851217199245631
"247","2018/10/18 10:28","C77","10-1","5110","TH","1","TH","1C1","BIR-026805","0",0.7,0.853621098013159,0.146378901986841
"249","2018/10/18 10:28","C77","10-3","5110","TH","1","TH","1C5","BIR-026805","0",0.7,0.862555717584591,0.137444282415409
"250","2018/10/18 10:28","C77","10-4","5110","TH","1","TH","25C1","BIR-026805","0",0.7,0.946327755401706,0.0536722445982943
"252","2018/10/18 10:28","C77","10-6","5110","TH","1","TH","97C1","BIR-026804","0",0.7,0.95309698421896,0.0469030157810403
"253","2018/10/18 10:28","C77","10-7","5110","TH","1","TH","33C5","BIR-026804","0",0.7,0.963390361709151,0.0366096382908494
"248","2018/10/18 10:28","C77","10-2","5110","TH","1","TH","17C1","BIR-026805","0",0.7,0.970148733010205,0.0298512669897953
"256","2018/10/18 10:28","C77","10-10","5110","TH","1","PGFM","25","BGR-026378","0",0.1,0.976247330518547,0.0237526694814533
"255","2018/10/18 10:28","C77","10-9","5110","TH","1","TH","CALCD","BGR-026746","0",0.2,0.978522303276588,0.0214776967234117
"251","2018/10/18 10:28","C77","10-5","5110","TH","1","TH","33C1","BIR-026804","0",0.7,0.981414924758872,0.0185850752411278
"244","2018/10/18 10:28","C76","9-8","5109","TH","1","TH","97C5","BIR-026804","1",0.7,0.119280582830127,0.880719417169873
"237","2018/10/18 10:28","C76","9-1","5109","TH","1","TH","1C1","BIR-026805","0",0.7,0.888787945700061,0.111212054299939
"239","2018/10/18 10:28","C76","9-3","5109","TH","1","TH","1C5","BIR-026805","0",0.7,0.888825836566793,0.111174163433207
"242","2018/10/18 10:28","C76","9-6","5109","TH","1","TH","97C1","BIR-026804","0",0.7,0.945748278587297,0.0542517214127027
"246","2018/10/18 10:28","C76","9-10","5109","TH","1","PGFM","25","BGR-026378","0",0.1,0.959221806658043,0.0407781933419572
"243","2018/10/18 10:28","C76","9-7","5109","TH","1","TH","33C5","BIR-026804","0",0.7,0.959764130197055,0.0402358698029453
"241","2018/10/18 10:28","C76","9-5","5109","TH","1","TH","33C1","BIR-026804","0",0.7,0.961679186115489,0.0383208138845111
"240","2018/10/18 10:28","C76","9-4","5109","TH","1","TH","25C1","BIR-026805","0",0.7,0.968389860759836,0.0316101392401639
"238","2018/10/18 10:28","C76","9-2","5109","TH","1","TH","17C1","BIR-026805","0",0.7,0.971231505368077,0.0287684946319231
"245","2018/10/18 10:28","C76","9-9","5109","TH","1","TH","CALCD","BGR-026746","0",0.2,0.983313339258539,0.0166866607414614
"234","2018/10/18 10:28","C75","8-8","5108","TH","1","TH","97C5","BIR-026804","1",0.7,0.0990154322389057,0.900984567761094
"229","2018/10/18 10:28","C75","8-3","5108","TH","1","TH","1C5","BIR-026805","0",0.7,0.85226279947316,0.14773720052684
"227","2018/10/18 10:28","C75","8-1","5108","TH","1","TH","1C1","BIR-026805","0",0.7,0.852720102594825,0.147279897405175
"233","2018/10/18 10:28","C75","8-7","5108","TH","1","TH","33C5","BIR-026804","0",0.7,0.933018426776881,0.0669815732231191
"231","2018/10/18 10:28","C75","8-5","5108","TH","1","TH","33C1","BIR-026804","0",0.7,0.936067259058842,0.0639327409411583
"232","2018/10/18 10:28","C75","8-6","5108","TH","1","TH","97C1","BIR-026804","0",0.7,0.942416073455507,0.0575839265444931
"228","2018/10/18 10:28","C75","8-2","5108","TH","1","TH","17C1","BIR-026805","0",0.7,0.954211278396132,0.0457887216038676
"230","2018/10/18 10:28","C75","8-4","5108","TH","1","TH","25C1","BIR-026805","0",0.7,0.966390264809993,0.0336097351900075
"235","2018/10/18 10:28","C75","8-9","5108","TH","1","TH","CALCD","BGR-026746","0",0.2,0.968695559019531,0.0313044409804693
"236","2018/10/18 10:28","C75","8-10","5108","TH","1","PGFM","25","BGR-026378","0",0.1,0.977699387630809,0.0223006123691911
"224","2018/10/18 10:28","C74","7-8","5107","TH","1","TH","97C5","BIR-026804","1",0.7,0.115277642771599,0.884722357228401
"219","2018/10/18 10:28","C74","7-3","5107","TH","1","TH","1C5","BIR-026805","0",0.7,0.872094501867636,0.127905498132364
"217","2018/10/18 10:28","C74","7-1","5107","TH","1","TH","1C1","BIR-026805","0",0.7,0.882730400843778,0.117269599156222
"220","2018/10/18 10:28","C74","7-4","5107","TH","1","TH","25C1","BIR-026805","0",0.7,0.954247588426284,0.0457524115737156
"221","2018/10/18 10:28","C74","7-5","5107","TH","1","TH","33C1","BIR-026804","0",0.7,0.965105452381709,0.0348945476182912
"223","2018/10/18 10:28","C74","7-7","5107","TH","1","TH","33C5","BIR-026804","0",0.7,0.96753576416432,0.0324642358356802
"222","2018/10/18 10:28","C74","7-6","5107","TH","1","TH","97C1","BIR-026804","0",0.7,0.968645365510944,0.0313546344890562
"218","2018/10/18 10:28","C74","7-2","5107","TH","1","TH","17C1","BIR-026805","0",0.7,0.979348474297616,0.0206515257023838
"226","2018/10/18 10:28","C74","7-10","5107","TH","1","PGFM","25","BGR-026378","0",0.1,0.986599227843289,0.0134007721567111
"225","2018/10/18 10:28","C74","7-9","5107","TH","1","TH","CALCD","BGR-026746","0",0.2,0.990029400138765,0.00997059986123552
"214","2018/10/18 10:28","C73","6-8","5106","TH","1","TH","97C5","BIR-026804","1",0.7,0.128542653753517,0.871457346246483
"209","2018/10/18 10:28","C73","6-3","5106","TH","1","TH","1C5","BIR-026805","0",0.7,0.853276173753068,0.146723826246932
"207","2018/10/18 10:28","C73","6-1","5106","TH","1","TH","1C1","BIR-026805","0",0.7,0.866458219980149,0.133541780019851
"211","2018/10/18 10:28","C73","6-5","5106","TH","1","TH","33C1","BIR-026804","0",0.7,0.947449798465223,0.0525502015347767
"213","2018/10/18 10:28","C73","6-7","5106","TH","1","TH","33C5","BIR-026804","0",0.7,0.953135671827709,0.0468643281722907
"208","2018/10/18 10:28","C73","6-2","5106","TH","1","TH","17C1","BIR-026805","0",0.7,0.963501821921429,0.0364981780785705
"212","2018/10/18 10:28","C73","6-6","5106","TH","1","TH","97C1","BIR-026804","0",0.7,0.964168929912471,0.0358310700875295
"216","2018/10/18 10:28","C73","6-10","5106","TH","1","PGFM","25","BGR-026378","0",0.1,0.965648582887479,0.0343514171125212
"210","2018/10/18 10:28","C73","6-4","5106","TH","1","TH","25C1","BIR-026805","0",0.7,0.981515738854958,0.0184842611450421
"215","2018/10/18 10:28","C73","6-9","5106","TH","1","TH","CALCD","BGR-026746","0",0.2,0.984571468652526,0.0154285313474739
"204","2018/10/18 10:28","C72","5-8","5105","TH","1","TH","97C5","BIR-026804","1",0.7,0.173952825530604,0.826047174469396
"199","2018/10/18 10:28","C72","5-3","5105","TH","1","TH","1C5","BIR-026805","0",0.7,0.841105717327221,0.158894282672779
"197","2018/10/18 10:28","C72","5-1","5105","TH","1","TH","1C1","BIR-026805","0",0.7,0.890330350231184,0.109669649768816
"203","2018/10/18 10:28","C72","5-7","5105","TH","1","TH","33C5","BIR-026804","0",0.7,0.949631000557697,0.0503689994423032
"202","2018/10/18 10:28","C72","5-6","5105","TH","1","TH","97C1","BIR-026804","0",0.7,0.952596678926171,0.047403321073829
"201","2018/10/18 10:28","C72","5-5","5105","TH","1","TH","33C1","BIR-026804","0",0.7,0.953442000490679,0.0465579995093214
"198","2018/10/18 10:28","C72","5-2","5105","TH","1","TH","17C1","BIR-026805","0",0.7,0.97293594315815,0.0270640568418505
"200","2018/10/18 10:28","C72","5-4","5105","TH","1","TH","25C1","BIR-026805","0",0.7,0.976886484922448,0.0231135150775524
"205","2018/10/18 10:28","C72","5-9","5105","TH","1","TH","CALCD","BGR-026746","0",0.2,0.981254771007343,0.0187452289926566
"206","2018/10/18 10:28","C72","5-10","5105","TH","1","PGFM","25","BGR-026378","0",0.1,0.981545320198987,0.018454679801013
"194","2018/10/18 10:28","C71","4-8","5104","TH","1","TH","97C5","BIR-026804","1",0.7,0.125449311535269,0.874550688464731
"187","2018/10/18 10:28","C71","4-1","5104","TH","1","TH","1C1","BIR-026805","0",0.7,0.887258839422693,0.112741160577307
"189","2018/10/18 10:28","C71","4-3","5104","TH","1","TH","1C5","BIR-026805","0",0.7,0.893536992872558,0.106463007127442
"193","2018/10/18 10:28","C71","4-7","5104","TH","1","TH","33C5","BIR-026804","0",0.7,0.956195788537277,0.0438042114627233
"192","2018/10/18 10:28","C71","4-6","5104","TH","1","TH","97C1","BIR-026804","0",0.7,0.95731131462997,0.0426886853700297
"191","2018/10/18 10:28","C71","4-5","5104","TH","1","TH","33C1","BIR-026804","0",0.7,0.960941049568844,0.0390589504311562
"190","2018/10/18 10:28","C71","4-4","5104","TH","1","TH","25C1","BIR-026805","0",0.7,0.973707937447667,0.026292062552333
"196","2018/10/18 10:28","C71","4-10","5104","TH","1","PGFM","25","BGR-026378","0",0.1,0.973966543288685,0.026033456711315
"188","2018/10/18 10:28","C71","4-2","5104","TH","1","TH","17C1","BIR-026805","0",0.7,0.976383964290419,0.0236160357095811
"195","2018/10/18 10:28","C71","4-9","5104","TH","1","TH","CALCD","BGR-026746","0",0.2,0.985441230526891,0.0145587694731084
"184","2018/10/18 10:28","C70","3-8","5103","TH","1","TH","97C5","BIR-026804","1",0.7,0.147577399336286,0.852422600663714
"177","2018/10/18 10:28","C70","3-1","5103","TH","1","TH","1C1","BIR-026805","0",0.7,0.844665124650323,0.155334875349677
"179","2018/10/18 10:28","C70","3-3","5103","TH","1","TH","1C5","BIR-026805","0",0.7,0.864385891621862,0.135614108378138
"180","2018/10/18 10:28","C70","3-4","5103","TH","1","TH","25C1","BIR-026805","0",0.7,0.933403094009252,0.066596905990748
"181","2018/10/18 10:28","C70","3-5","5103","TH","1","TH","33C1","BIR-026804","0",0.7,0.954586943705322,0.0454130562946778
"186","2018/10/18 10:28","C70","3-10","5103","TH","1","PGFM","25","BGR-026378","0",0.1,0.958215077039244,0.0417849229607558
"183","2018/10/18 10:28","C70","3-7","5103","TH","1","TH","33C5","BIR-026804","0",0.7,0.962110826828815,0.037889173171185
"182","2018/10/18 10:28","C70","3-6","5103","TH","1","TH","97C1","BIR-026804","0",0.7,0.966909832170382,0.0330901678296175
"178","2018/10/18 10:28","C70","3-2","5103","TH","1","TH","17C1","BIR-026805","0",0.7,0.973961334717579,0.0260386652824206
"185","2018/10/18 10:28","C70","3-9","5103","TH","1","TH","CALCD","BGR-026746","0",0.2,0.984641075601253,0.0153589243987466
"13","2013/12/26 08:54","C7","1-1","5606","TH","6","TH","33E1","BIR-026804","1",0.7,0.259337120123581,0.740662879876419
"14","2013/12/26 08:54","C7","1-2","5606","TH","6","TH","CALEF","BGR-026746","0",0.2,0.863364824204601,0.136635175795399
"165","2018/10/18 10:28","C69","2-8","5102","TH","1","TH","97C5","BIR-026804","1",0.7,0.134120166723958,0.865879833276042
"173","2018/10/18 10:28","C69","2-16","5102","TH","1","TH","97C5","BIR-026804","1",0.7,0.134120166723958,0.865879833276042
"158","2018/10/18 10:28","C69","2-1","5102","TH","1","TH","1C1","BIR-026805","0",0.7,0.883217305776511,0.116782694223489
"166","2018/10/18 10:28","C69","2-9","5102","TH","1","TH","1C1","BIR-026805","0",0.7,0.883217305776511,0.116782694223489
"160","2018/10/18 10:28","C69","2-3","5102","TH","1","TH","1C5","BIR-026805","0",0.7,0.915207738166582,0.0847922618334176
"168","2018/10/18 10:28","C69","2-11","5102","TH","1","TH","1C5","BIR-026805","0",0.7,0.915207738166582,0.0847922618334176
"164","2018/10/18 10:28","C69","2-7","5102","TH","1","TH","33C5","BIR-026804","0",0.7,0.945138294493845,0.0548617055061554
"172","2018/10/18 10:28","C69","2-15","5102","TH","1","TH","33C5","BIR-026804","0",0.7,0.945138294493845,0.0548617055061554
"163","2018/10/18 10:28","C69","2-6","5102","TH","1","TH","97C1","BIR-026804","0",0.7,0.952351682372181,0.0476483176278195
"171","2018/10/18 10:28","C69","2-14","5102","TH","1","TH","97C1","BIR-026804","0",0.7,0.952351682372181,0.0476483176278195
"162","2018/10/18 10:28","C69","2-5","5102","TH","1","TH","33C1","BIR-026804","0",0.7,0.955736174151702,0.0442638258482979
"170","2018/10/18 10:28","C69","2-13","5102","TH","1","TH","33C1","BIR-026804","0",0.7,0.955736174151702,0.0442638258482979
"176","2018/10/18 10:28","C69","2-19","5102","TH","1","PGFM","25","BGR-026378","0",0.1,0.972726392779701,0.0272736072202989
"161","2018/10/18 10:28","C69","2-4","5102","TH","1","TH","25C1","BIR-026805","0",0.7,0.974153459695141,0.0258465403048589
"169","2018/10/18 10:28","C69","2-12","5102","TH","1","TH","25C1","BIR-026805","0",0.7,0.974153459695141,0.0258465403048589
"159","2018/10/18 10:28","C69","2-2","5102","TH","1","TH","17C1","BIR-026805","0",0.7,0.97478755695041,0.0252124430495898
"167","2018/10/18 10:28","C69","2-10","5102","TH","1","TH","17C1","BIR-026805","0",0.7,0.97478755695041,0.0252124430495898
"174","2018/10/18 10:28","C69","2-17","5102","TH","1","TH","CALCD","BGR-026746","0",0.2,0.980154045475416,0.0198459545245843
"175","2018/10/18 10:28","C69","2-18","5102","TH","1","TH","CALCD","BGR-026746","0",0.2,0.980154045475416,0.0198459545245843
"156","2018/5/2 09:15","C68","4-1","5015","TH","16","TH","97G1","BIR-026804","0",0.7,0.499300252269978,0.500699747730022
"157","2018/5/2 09:15","C68","4-2","5015","TH","16","TH","33G5","BIR-026804","0",0.7,0.500980087552987,0.499019912447013
"154","2018/5/2 09:15","C67","3-2","5014","TH","13","TH","1G5","BIR-026805","1",0.7,0.164776388139369,0.835223611860632
"155","2018/5/2 09:15","C67","3-3","5014","TH","13","TH","25G1","BIR-026805","0",0.7,0.881723734254913,0.118276265745086
"153","2018/5/2 09:15","C67","3-1","5014","TH","13","TH","17G1","BIR-026805","0",0.7,0.883808413847143,0.116191586152857
"151","2018/5/2 09:15","C66","1-1","5009","TH","12","TH","97G1","BIR-026804","0",0.7,0.49883857229957,0.50116142770043
"152","2018/5/2 09:15","C66","1-2","5009","TH","12","TH","33G5","BIR-026804","0",0.7,0.499851642468026,0.500148357531974
"149","2018/4/9 23:06","C65","3-1","5015","TH","16","TH","97G1","BIR-026804","1",0.7,0.499300252269978,0.500699747730022
"150","2018/4/9 23:06","C65","3-2","5015","TH","16","TH","33G5","BIR-026804","1",0.7,0.500980087552987,0.499019912447013
"148","2018/4/9 23:06","C64","2-2","5011","TH","13","TH","33G5","BIR-026804","1",0.7,0.149803873386833,0.850196126613167
"147","2018/4/9 23:06","C64","2-1","5011","TH","13","TH","97G1","BIR-026804","1",0.7,0.189419752156267,0.810580247843733
"145","2018/4/9 23:06","C63","1-1","5009","TH","12","TH","97G1","BIR-026804","1",0.7,0.49883857229957,0.50116142770043
"146","2018/4/9 23:06","C63","1-2","5009","TH","12","TH","33G5","BIR-026804","1",0.7,0.499851642468026,0.500148357531974
"143","2018/3/22 10:09","C62","1-2","5014","TH","13","TH","1G5","BIR-026805","1",0.7,0.164776388139369,0.835223611860632
"144","2018/3/22 10:09","C62","1-3","5014","TH","13","TH","25G1","BIR-026805","0",0.7,0.881723734254913,0.118276265745086
"142","2018/3/22 10:09","C62","1-1","5014","TH","13","TH","17G1","BIR-026805","0",0.7,0.883808413847143,0.116191586152857
"140","2018/3/9 20:50","C61","12-1","5609","TH","6","TH","97E5","BIR-030083","1",0.7,0.0225709302151638,0.977429069784836
"141","2018/3/9 20:50","C61","12-2","5609","TH","6","TH","CALEF","BGR-026746X02","0",0.2,0.949702643764064,0.0502973562359355
"138","2018/3/9 20:50","C60","11-1","5608","TH","6","TH","97E5","BIR-030083","1",0.7,0.0342956244958707,0.965704375504129
"139","2018/3/9 20:50","C60","11-2","5608","TH","6","TH","CALEF","BGR-026746X02","0",0.2,0.960210372292658,0.0397896277073415
"11","2013/11/11 11:42","C6","1-1","5012","TH","13","TH","1C1","BPR-030837","1",0.7,0.2548165589641,0.7451834410359
"12","2013/11/11 11:42","C6","1-2","5012","TH","13","TH","1E1","BPR-030837","0",0.7,0.46414686464911,0.53585313535089
"136","2018/3/9 20:50","C59","10-2","5605","TH","6","TH","97E5","BIR-030083","1",0.7,0.0398901826741171,0.960109817325883
"135","2018/3/9 20:50","C59","10-1","5605","TH","6","TH","97E1","BIR-030083","0",0.7,0.852449110085494,0.147550889914506
"137","2018/3/9 20:50","C59","10-3","5605","TH","6","TH","CALEF","BGR-026746X02","0",0.2,0.97154651469685,0.0284534853031495
"133","2018/3/9 20:50","C58","9-2","5603","TH","6","TH","97E5","BIR-030083","1",0.7,0.0361812618671205,0.96381873813288
"132","2018/3/9 20:50","C58","9-1","5603","TH","6","TH","97E1","BIR-030083","0",0.7,0.825429384871995,0.174570615128005
"134","2018/3/9 20:50","C58","9-3","5603","TH","6","TH","CALEF","BGR-026746X02","0",0.2,0.963452894612866,0.0365471053871341
"130","2018/3/9 20:50","C57","7-1","5502","TH","5","TH","97E5","BIR-030083","1",0.7,0.0362196988289943,0.963780301171006
"131","2018/3/9 20:50","C57","7-2","5502","TH","5","TH","CALEF","BGR-026746X02","0",0.2,0.966401274648333,0.0335987253516672
"128","2018/3/9 20:50","C56","6-1","5501","TH","5","TH","97E5","BIR-030083","1",0.7,0.0245919542379519,0.975408045762048
"129","2018/3/9 20:50","C56","6-2","5501","TH","5","TH","CALEF","BGR-026746X02","0",0.2,0.942959600923728,0.057040399076272
"126","2018/3/9 20:50","C55","5-4","5403","TH","4","TH","97E5","BIR-030083","1",0.7,0.257456357763889,0.742543642236111
"125","2018/3/9 20:50","C55","5-3","5403","TH","4","TH","33E5","BIR-030083","0",0.7,0.739677366296897,0.260322633703103
"123","2018/3/9 20:50","C55","5-1","5403","TH","4","TH","33E1","BIR-030083","0",0.7,0.753283659576546,0.246716340423453
"124","2018/3/9 20:50","C55","5-2","5403","TH","4","TH","97E1","BIR-030083","0",0.7,0.932649906931182,0.067350093068818
"127","2018/3/9 20:50","C55","5-5","5403","TH","4","TH","CALEF","BGR-026746X02","0",0.2,0.983722015656067,0.0162779843439335
"121","2018/3/9 20:50","C54","4-2","5402","TH","4","TH","97E5","BIR-030083","1",0.7,0.0525191413625668,0.947480858637433
"120","2018/3/9 20:50","C54","4-1","5402","TH","4","TH","97E1","BIR-030083","0",0.7,0.854349605378088,0.145650394621912
"122","2018/3/9 20:50","C54","4-3","5402","TH","4","TH","CALEF","BGR-026746X02","0",0.2,0.976572176030199,0.0234278239698012
"118","2018/3/9 20:50","C53","3-1","5304","TH","3","TH","97E5","BIR-030083","1",0.7,0.0272136967974079,0.972786303202592
"119","2018/3/9 20:50","C53","3-2","5304","TH","3","TH","CALEF","BGR-026746X02","0",0.2,0.95827132362655,0.0417286763734501
"116","2018/3/9 20:50","C52","2-1","5303","TH","3","TH","97E5","BIR-030083","1",0.7,0.0416528705763006,0.958347129423699
"117","2018/3/9 20:50","C52","2-2","5303","TH","3","TH","CALEF","BGR-026746X02","0",0.2,0.971055584413549,0.0289444155864515
"114","2018/3/9 20:50","C51","1-1","5302","TH","3","TH","97E5","BIR-030083","1",0.7,0.0365964085394016,0.963403591460598
"115","2018/3/9 20:50","C51","1-2","5302","TH","3","TH","CALEF","BGR-026746X02","0",0.2,0.963771106736258,0.0362288932637416
"111","2018/2/26 14:07","C50","85-1","4454","FM","45","PGFM","21","BIR-026382X02","1",0.8,0.259824378702103,0.740175621297897
"113","2018/2/26 14:07","C50","85-3","4454","FM","45","TH","97G1","BIR-026804","0",0.7,0.732765843223163,0.267234156776837
"112","2018/2/26 14:07","C50","85-2","4454","FM","45","TH","33G1","BIR-026804","0",0.7,0.816093222972741,0.183906777027259
"9","2012/12/3 10:30","C5","1-1","5606","TH","6","TH","33G5","BIR-026804","1",0.7,0.143612634413308,0.856387365586692
"10","2012/12/3 10:30","C5","1-2","5606","TH","6","TH","CALGH","BGR-026746","0",0.2,0.881604557491932,0.118395442508068
"110","2018/2/26 14:07","C49","76-2","4327","FM","32","PGFM","21","BIR-026382X02","1",0.8,0.12603847271191,0.87396152728809
"109","2018/2/26 14:07","C49","76-1","4327","FM","32","PGFM","13","BGR-026381","0",0.1,0.928275915437659,0.071724084562341
"108","2018/2/26 14:07","C48","15-2","4076","FM","7","PGFM","21","BIR-026382X02","1",0.8,0.0985268765295223,0.901473123470478
"107","2018/2/26 14:07","C48","15-1","4076","FM","7","PGFM","13","BGR-026381","0",0.1,0.959982755490908,0.0400172445090924
"103","2017/11/23 09:33","C47","1-1","5014","TH","13","TH","1E1","BIR-026805","1",0.7,0.288287438325286,0.711712561674714
"106","2017/11/23 09:33","C47","1-4","5014","TH","13","TH","97E1","BIR-026804","0",0.7,0.841938470355777,0.158061529644222
"105","2017/11/23 09:33","C47","1-3","5014","TH","13","TH","25E1","BIR-026805","0",0.7,0.84644731088813,0.15355268911187
"104","2017/11/23 09:33","C47","1-2","5014","TH","13","TH","17E1","BIR-026805","0",0.7,0.852600997564526,0.147399002435474
"99","2017/10/31 09:32","C46","1-2","5014","TH","13","TH","1A5","BIR-026805","1",0.7,0.203010286063592,0.796989713936408
"102","2017/10/31 09:32","C46","1-5","5014","TH","13","TH","97A5","BIR-026804","0",0.7,0.768149106869256,0.231850893130745
"101","2017/10/31 09:32","C46","1-4","5014","TH","13","TH","33A5","BIR-026804","0",0.7,0.798421408264142,0.201578591735858
"100","2017/10/31 09:32","C46","1-3","5014","TH","13","TH","25A1","BIR-026805","0",0.7,0.873153383570862,0.126846616429138
"98","2017/10/31 09:32","C46","1-1","5014","TH","13","TH","17A1","BIR-026805","0",0.7,0.894086288693577,0.105913711306423
"96","2017/9/27 10:19","C45","1-2","5014","TH","13","TH","1G5","BIR-026805","1",0.7,0.164776388139369,0.835223611860632
"97","2017/9/27 10:19","C45","1-3","5014","TH","13","TH","25G1","BIR-026805","0",0.7,0.881723734254913,0.118276265745086
"95","2017/9/27 10:19","C45","1-1","5014","TH","13","TH","17G1","BIR-026805","0",0.7,0.883808413847143,0.116191586152857
"91","2017/7/6 09:22","C44","2-1","5014","TH","13","TH","1A1","BIR-026805","1",0.7,0.169176880607382,0.830823119392618
"94","2017/7/6 09:22","C44","2-4","5014","TH","13","TH","97A1","BIR-026804","0",0.7,0.812020132455017,0.187979867544983
"93","2017/7/6 09:22","C44","2-3","5014","TH","13","TH","25A1","BIR-026805","0",0.7,0.873153383570862,0.126846616429138
"92","2017/7/6 09:22","C44","2-2","5014","TH","13","TH","17A1","BIR-026805","0",0.7,0.894086288693577,0.105913711306423
"87","2017/7/6 09:22","C43","1-1","5014","TH","13","TH","1A1","BIR-026805","1",0.7,0.169176880607382,0.830823119392618
"90","2017/7/6 09:22","C43","1-4","5014","TH","13","TH","97A1","BIR-026804","0",0.7,0.812020132455017,0.187979867544983
"89","2017/7/6 09:22","C43","1-3","5014","TH","13","TH","25A1","BIR-026805","0",0.7,0.873153383570862,0.126846616429138
"88","2017/7/6 09:22","C43","1-2","5014","TH","13","TH","17A1","BIR-026805","0",0.7,0.894086288693577,0.105913711306423
"86","2017/1/2 13:54","C42","4-2","423","DPU","221","DPU","5","BGR-026902","1",0.9,0.234403907223169,0.765596092776831
"85","2017/1/2 13:54","C42","4-1","423","DPU","221","DPU","1","BGR-026901","0",0.1,0.748343251786653,0.251656748213347
"84","2016/9/29 09:23","C41","1-3","5012","TH","13","TH","1G5","BPR-030837","1",0.7,0.134679545178909,0.865320454821091
"82","2016/9/29 09:23","C41","1-1","5012","TH","13","TH","1A1","BPR-030837","1",0.7,0.180029024342061,0.819970975657939
"83","2016/9/29 09:23","C41","1-2","5012","TH","13","TH","1G1","BPR-030837","1",0.7,0.189965803797237,0.810034196202763
"80","2016/9/29 01:13","C40","32-1","5501","TH","5","TH","97G5","BIR-026804","1",0.7,0.0408817658158362,0.959118234184164
"81","2016/9/29 01:13","C40","32-2","5501","TH","5","TH","CALGH","BGR-026746","0",0.2,0.939593403562559,0.060406596437441
"7","2012/12/3 10:30","C4","1-1","5606","TH","6","TH","33G5","BIR-026804","1",0.7,0.143612634413308,0.856387365586692
"8","2012/12/3 10:30","C4","1-2","5606","TH","6","TH","CALGH","BGR-026746","0",0.2,0.881604557491932,0.118395442508068
"78","2016/9/29 01:13","C39","31-1","5402","TH","4","TH","97G5","BIR-026804","1",0.7,0.072158863162361,0.927841136837639
"79","2016/9/29 01:13","C39","31-2","5402","TH","4","TH","CALGH","BGR-026746","0",0.2,0.954368015944865,0.0456319840551352
"76","2016/9/29 01:13","C38","30-1","5302","TH","3","TH","97G5","BIR-026804","1",0.7,0.0557684449998556,0.944231555000144
"77","2016/9/29 01:13","C38","30-2","5302","TH","3","TH","CALGH","BGR-026746","0",0.2,0.96962712153793,0.0303728784620698
"74","2016/9/29 01:13","C37","29-1","5609","TH","6","TH","97G5","BIR-026804","1",0.7,0.0367750768205552,0.963224923179445
"75","2016/9/29 01:13","C37","29-2","5609","TH","6","TH","CALGH","BGR-026746","0",0.2,0.946159555263988,0.0538404447360116
"72","2016/9/29 01:13","C36","28-1","5608","TH","6","TH","97G5","BIR-026804","1",0.7,0.0330965054189899,0.96690349458101
"73","2016/9/29 01:13","C36","28-2","5608","TH","6","TH","CALGH","BGR-026746","0",0.2,0.968833084899195,0.0311669151008049
"70","2016/9/29 01:13","C35","27-1","5606","TH","6","TH","97G5","BIR-026804","1",0.7,0.013762606121225,0.986237393878775
"71","2016/9/29 01:13","C35","27-2","5606","TH","6","TH","CALGH","BGR-026746","0",0.2,0.881604557491932,0.118395442508068
"68","2016/9/29 01:13","C34","26-1","5605","TH","6","TH","97G5","BIR-026804","1",0.7,0.0512330174763866,0.948766982523613
"69","2016/9/29 01:13","C34","26-2","5605","TH","6","TH","CALGH","BGR-026746","0",0.2,0.974547170431243,0.0254528295687568
"66","2016/9/29 01:13","C33","24-1","5502","TH","5","TH","97G5","BIR-026804","1",0.7,0.0357716813351228,0.964228318664877
"67","2016/9/29 01:13","C33","24-2","5502","TH","5","TH","CALGH","BGR-026746","0",0.2,0.964024795559813,0.0359752044401873
"64","2016/9/29 01:13","C32","23-1","5501","TH","5","TH","97G5","BIR-026804","1",0.7,0.0408817658158362,0.959118234184164
"65","2016/9/29 01:13","C32","23-2","5501","TH","5","TH","CALGH","BGR-026746","0",0.2,0.939593403562559,0.060406596437441
"62","2016/9/29 01:13","C31","22-1","5403","TH","4","TH","97G5","BIR-026804","1",0.7,0.171473232973093,0.828526767026907
"63","2016/9/29 01:13","C31","22-2","5403","TH","4","TH","CALGH","BGR-026746","0",0.2,0.980262991415673,0.0197370085843271
"60","2016/9/29 01:13","C30","21-1","5402","TH","4","TH","97G5","BIR-026804","1",0.7,0.072158863162361,0.927841136837639
"61","2016/9/29 01:13","C30","21-2","5402","TH","4","TH","CALGH","BGR-026746","0",0.2,0.954368015944865,0.0456319840551352
"5","2012/11/21 09:37","C3","4-1","5606","TH","6","TH","33E5","BIR-026804","1",0.7,0.260453684621666,0.739546315378334
"6","2012/11/21 09:37","C3","4-2","5606","TH","6","TH","CALEF","BGR-026746","0",0.2,0.863364824204601,0.136635175795399
"58","2016/9/29 01:13","C29","20-1","5304","TH","3","TH","97G5","BIR-026804","1",0.7,0.0399741050347841,0.960025894965216
"59","2016/9/29 01:13","C29","20-2","5304","TH","3","TH","CALGH","BGR-026746","0",0.2,0.969251884826049,0.030748115173951
"56","2016/9/29 01:13","C28","19-1","5303","TH","3","TH","97G5","BIR-026804","1",0.7,0.0576791440587689,0.942320855941231
"57","2016/9/29 01:13","C28","19-2","5303","TH","3","TH","CALGH","BGR-026746","0",0.2,0.972932291999181,0.0270677080008187
"54","2016/9/29 01:13","C27","18-1","5302","TH","3","TH","97G5","BIR-026804","1",0.7,0.0557684449998556,0.944231555000144
"55","2016/9/29 01:13","C27","18-2","5302","TH","3","TH","CALGH","BGR-026746","0",0.2,0.96962712153793,0.0303728784620698
"52","2016/9/29 01:13","C26","17-1","5302","TH","3","TH","97G5","BIR-026804","1",0.7,0.0557684449998556,0.944231555000144
"53","2016/9/29 01:13","C26","17-2","5302","TH","3","TH","CALGH","BGR-026746","0",0.2,0.96962712153793,0.0303728784620698
"50","2016/9/29 01:13","C25","15-1","5501","TH","5","TH","97G5","BIR-026804","1",0.7,0.0408817658158362,0.959118234184164
"51","2016/9/29 01:13","C25","15-2","5501","TH","5","TH","CALGH","BGR-026746","0",0.2,0.939593403562559,0.060406596437441
"48","2016/9/29 01:13","C24","14-1","5402","TH","4","TH","97G5","BIR-026804","1",0.7,0.072158863162361,0.927841136837639
"49","2016/9/29 01:13","C24","14-2","5402","TH","4","TH","CALGH","BGR-026746","0",0.2,0.954368015944865,0.0456319840551352
"46","2016/9/29 01:13","C23","13-1","5302","TH","3","TH","97G5","BIR-026804","1",0.7,0.0557684449998556,0.944231555000144
"47","2016/9/29 01:13","C23","13-2","5302","TH","3","TH","CALGH","BGR-026746","0",0.2,0.96962712153793,0.0303728784620698
"44","2016/9/29 01:13","C22","12-1","5609","TH","6","TH","97G5","BIR-026804","1",0.7,0.0367750768205552,0.963224923179445
"45","2016/9/29 01:13","C22","12-2","5609","TH","6","TH","CALGH","BGR-026746","0",0.2,0.946159555263988,0.0538404447360116
"42","2016/9/29 01:13","C21","11-1","5608","TH","6","TH","97G5","BIR-026804","1",0.7,0.0330965054189899,0.96690349458101
"43","2016/9/29 01:13","C21","11-2","5608","TH","6","TH","CALGH","BGR-026746","0",0.2,0.968833084899195,0.0311669151008049
"40","2016/9/29 01:13","C20","10-1","5606","TH","6","TH","97G5","BIR-026804","1",0.7,0.013762606121225,0.986237393878775
"41","2016/9/29 01:13","C20","10-2","5606","TH","6","TH","CALGH","BGR-026746","0",0.2,0.881604557491932,0.118395442508068
"3","2012/9/4 09:25","C2","2-1","5501","TH","5","TH","33G5","BIR-026804","1",0.7,0.207500061001338,0.792499938998662
"4","2012/9/4 09:25","C2","2-2","5501","TH","5","TH","CALGH","BGR-026746","0",0.2,0.939593403562559,0.060406596437441
"38","2016/9/29 01:13","C18","9-1","5605","TH","6","TH","97G5","BIR-026804","1",0.7,0.0512330174763866,0.948766982523613
"39","2016/9/29 01:13","C18","9-2","5605","TH","6","TH","CALGH","BGR-026746","0",0.2,0.974547170431243,0.0254528295687568
"36","2016/9/29 01:13","C17","7-1","5502","TH","5","TH","97G5","BIR-026804","1",0.7,0.0357716813351228,0.964228318664877
"37","2016/9/29 01:13","C17","7-2","5502","TH","5","TH","CALGH","BGR-026746","0",0.2,0.964024795559813,0.0359752044401873
"34","2016/9/29 01:13","C16","6-1","5501","TH","5","TH","97G5","BIR-026804","1",0.7,0.0408817658158362,0.959118234184164
"35","2016/9/29 01:13","C16","6-2","5501","TH","5","TH","CALGH","BGR-026746","0",0.2,0.939593403562559,0.060406596437441
"32","2016/9/29 01:13","C15","5-1","5403","TH","4","TH","97G5","BIR-026804","1",0.7,0.171473232973093,0.828526767026907
"33","2016/9/29 01:13","C15","5-2","5403","TH","4","TH","CALGH","BGR-026746","0",0.2,0.980262991415673,0.0197370085843271
"30","2016/9/29 01:13","C14","4-1","5402","TH","4","TH","97G5","BIR-026804","1",0.7,0.072158863162361,0.927841136837639
"31","2016/9/29 01:13","C14","4-2","5402","TH","4","TH","CALGH","BGR-026746","0",0.2,0.954368015944865,0.0456319840551352
"463","2018/10/20 19:32","C132","51-1","5501","TH","5","TH","97E5","BIR-026804","1",0.7,0.0209327515262717,0.979067248473728
"464","2018/10/20 19:32","C132","51-2","5501","TH","5","TH","CALEF","BGR-026746","0",0.2,0.949923126878309,0.0500768731216912
"461","2018/10/20 19:32","C131","50-1","5402","TH","4","TH","97E5","BIR-026804","1",0.7,0.0507675166457117,0.949232483354288
"462","2018/10/20 19:32","C131","50-2","5402","TH","4","TH","CALEF","BGR-026746","0",0.2,0.976572176030199,0.0234278239698012
"459","2018/10/20 19:32","C130","49-1","5302","TH","3","TH","97E5","BIR-026804","1",0.7,0.0282587302183063,0.971741269781694
"460","2018/10/20 19:32","C130","49-2","5302","TH","3","TH","CALEF","BGR-026746","0",0.2,0.967261172581592,0.0327388274184077
"28","2016/9/29 01:13","C13","3-1","5304","TH","3","TH","97G5","BIR-026804","1",0.7,0.0399741050347841,0.960025894965216
"29","2016/9/29 01:13","C13","3-2","5304","TH","3","TH","CALGH","BGR-026746","0",0.2,0.969251884826049,0.030748115173951
"457","2018/10/20 19:32","C129","47-1","5501","TH","5","TH","97E5","BIR-026804","1",0.7,0.0209327515262717,0.979067248473728
"458","2018/10/20 19:32","C129","47-2","5501","TH","5","TH","CALEF","BGR-026746","0",0.2,0.949923126878309,0.0500768731216912
"455","2018/10/20 19:32","C128","46-1","5402","TH","4","TH","97E5","BIR-026804","1",0.7,0.0507675166457117,0.949232483354288
"456","2018/10/20 19:32","C128","46-2","5402","TH","4","TH","CALEF","BGR-026746","0",0.2,0.976572176030199,0.0234278239698012
"453","2018/10/20 19:32","C127","45-1","5302","TH","3","TH","97E5","BIR-026804","1",0.7,0.0282587302183063,0.971741269781694
"454","2018/10/20 19:32","C127","45-2","5302","TH","3","TH","CALEF","BGR-026746","0",0.2,0.967261172581592,0.0327388274184077
"451","2018/10/20 19:32","C126","43-1","5501","TH","5","TH","97E5","BIR-026804","1",0.7,0.0209327515262717,0.979067248473728
"452","2018/10/20 19:32","C126","43-2","5501","TH","5","TH","CALEF","BGR-026746","0",0.2,0.949923126878309,0.0500768731216912
"449","2018/10/20 19:32","C125","42-1","5402","TH","4","TH","97E5","BIR-026804","1",0.7,0.0507675166457117,0.949232483354288
"450","2018/10/20 19:32","C125","42-2","5402","TH","4","TH","CALEF","BGR-026746","0",0.2,0.976572176030199,0.0234278239698012
"447","2018/10/20 19:32","C124","41-1","5302","TH","3","TH","97E5","BIR-026804","1",0.7,0.0282587302183063,0.971741269781694
"448","2018/10/20 19:32","C124","41-2","5302","TH","3","TH","CALEF","BGR-026746","0",0.2,0.967261172581592,0.0327388274184077
"445","2018/10/20 19:32","C123","39-1","5501","TH","5","TH","97E5","BIR-026804","1",0.7,0.0209327515262717,0.979067248473728
"446","2018/10/20 19:32","C123","39-2","5501","TH","5","TH","CALEF","BGR-026746","0",0.2,0.949923126878309,0.0500768731216912
"443","2018/10/20 19:32","C122","38-1","5402","TH","4","TH","97E5","BIR-026804","1",0.7,0.0507675166457117,0.949232483354288
"444","2018/10/20 19:32","C122","38-2","5402","TH","4","TH","CALEF","BGR-026746","0",0.2,0.976572176030199,0.0234278239698012
"441","2018/10/20 19:32","C121","37-1","5302","TH","3","TH","97E5","BIR-026804","1",0.7,0.0282587302183063,0.971741269781694
"442","2018/10/20 19:32","C121","37-2","5302","TH","3","TH","CALEF","BGR-026746","0",0.2,0.967261172581592,0.0327388274184077
"439","2018/10/20 19:32","C120","35-1","5501","TH","5","TH","97E5","BIR-026804","1",0.7,0.0209327515262717,0.979067248473728
"440","2018/10/20 19:32","C120","35-2","5501","TH","5","TH","CALEF","BGR-026746","0",0.2,0.949923126878309,0.0500768731216912
"26","2016/9/29 01:13","C12","2-1","5303","TH","3","TH","97G5","BIR-026804","1",0.7,0.0576791440587689,0.942320855941231
"27","2016/9/29 01:13","C12","2-2","5303","TH","3","TH","CALGH","BGR-026746","0",0.2,0.972932291999181,0.0270677080008187
"437","2018/10/20 19:32","C119","34-1","5402","TH","4","TH","97E5","BIR-026804","1",0.7,0.0507675166457117,0.949232483354288
"438","2018/10/20 19:32","C119","34-2","5402","TH","4","TH","CALEF","BGR-026746","0",0.2,0.976572176030199,0.0234278239698012
"435","2018/10/20 19:32","C118","33-1","5302","TH","3","TH","97E5","BIR-026804","1",0.7,0.0282587302183063,0.971741269781694
"436","2018/10/20 19:32","C118","33-2","5302","TH","3","TH","CALEF","BGR-026746","0",0.2,0.967261172581592,0.0327388274184077
"433","2018/10/20 19:32","C117","31-1","5501","TH","5","TH","97E5","BIR-026804","1",0.7,0.0209327515262717,0.979067248473728
"434","2018/10/20 19:32","C117","31-2","5501","TH","5","TH","CALEF","BGR-026746","0",0.2,0.949923126878309,0.0500768731216912
"431","2018/10/20 19:32","C116","30-1","5402","TH","4","TH","97E5","BIR-026804","1",0.7,0.0507675166457117,0.949232483354288
"432","2018/10/20 19:32","C116","30-2","5402","TH","4","TH","CALEF","BGR-026746","0",0.2,0.976572176030199,0.0234278239698012
"429","2018/10/20 19:32","C115","29-1","5302","TH","3","TH","97E5","BIR-026804","1",0.7,0.0282587302183063,0.971741269781694
"430","2018/10/20 19:32","C115","29-2","5302","TH","3","TH","CALEF","BGR-026746","0",0.2,0.967261172581592,0.0327388274184077
"427","2018/10/20 19:32","C114","27-1","5501","TH","5","TH","97E5","BIR-026804","1",0.7,0.0209327515262717,0.979067248473728
"428","2018/10/20 19:32","C114","27-2","5501","TH","5","TH","CALEF","BGR-026746","0",0.2,0.949923126878309,0.0500768731216912
"425","2018/10/20 19:32","C113","23-1","5501","TH","5","TH","97E5","BIR-026804","1",0.7,0.0209327515262717,0.979067248473728
"426","2018/10/20 19:32","C113","23-2","5501","TH","5","TH","CALEF","BGR-026746","0",0.2,0.949923126878309,0.0500768731216912
"423","2018/10/20 19:32","C112","22-1","5402","TH","4","TH","97E5","BIR-026804","1",0.7,0.0507675166457117,0.949232483354288
"424","2018/10/20 19:32","C112","22-2","5402","TH","4","TH","CALEF","BGR-026746","0",0.2,0.976572176030199,0.0234278239698012
"421","2018/10/20 19:32","C111","21-1","5302","TH","3","TH","97E5","BIR-026804","1",0.7,0.0282587302183063,0.971741269781694
"422","2018/10/20 19:32","C111","21-2","5302","TH","3","TH","CALEF","BGR-026746","0",0.2,0.967261172581592,0.0327388274184077
"419","2018/10/20 19:32","C110","19-1","5501","TH","5","TH","97E5","BIR-026804","1",0.7,0.0209327515262717,0.979067248473728
"420","2018/10/20 19:32","C110","19-2","5501","TH","5","TH","CALEF","BGR-026746","0",0.2,0.949923126878309,0.0500768731216912
"24","2016/9/29 01:13","C11","1-1","5302","TH","3","TH","97G5","BIR-026804","1",0.7,0.0557684449998556,0.944231555000144
"25","2016/9/29 01:13","C11","1-2","5302","TH","3","TH","CALGH","BGR-026746","0",0.2,0.96962712153793,0.0303728784620698
"417","2018/10/20 19:32","C109","18-1","5402","TH","4","TH","97E5","BIR-026804","1",0.7,0.0507675166457117,0.949232483354288
"418","2018/10/20 19:32","C109","18-2","5402","TH","4","TH","CALEF","BGR-026746","0",0.2,0.976572176030199,0.0234278239698012
"415","2018/10/20 19:32","C108","17-1","5302","TH","3","TH","97E5","BIR-026804","1",0.7,0.0282587302183063,0.971741269781694
"416","2018/10/20 19:32","C108","17-2","5302","TH","3","TH","CALEF","BGR-026746","0",0.2,0.967261172581592,0.0327388274184077
"413","2018/10/20 19:32","C107","15-1","5501","TH","5","TH","97E5","BIR-026804","1",0.7,0.0209327515262717,0.979067248473728
"414","2018/10/20 19:32","C107","15-2","5501","TH","5","TH","CALEF","BGR-026746","0",0.2,0.949923126878309,0.0500768731216912
"411","2018/10/20 19:32","C106","14-1","5402","TH","4","TH","97E5","BIR-026804","1",0.7,0.0507675166457117,0.949232483354288
"412","2018/10/20 19:32","C106","14-2","5402","TH","4","TH","CALEF","BGR-026746","0",0.2,0.976572176030199,0.0234278239698012
"409","2018/10/20 19:32","C105","13-1","5302","TH","3","TH","97E5","BIR-026804","1",0.7,0.0282587302183063,0.971741269781694
"410","2018/10/20 19:32","C105","13-2","5302","TH","3","TH","CALEF","BGR-026746","0",0.2,0.967261172581592,0.0327388274184077
"407","2018/10/20 19:32","C104","12-1","5609","TH","6","TH","97E5","BIR-026804","1",0.7,0.0164531293569496,0.98354687064305
"408","2018/10/20 19:32","C104","12-2","5609","TH","6","TH","CALEF","BGR-026746","0",0.2,0.955785573013007,0.0442144269869932
"405","2018/10/20 19:32","C103","10-1","5502","TH","5","TH","97E5","BIR-026804","1",0.7,0.0250623645763854,0.974937635423615
"406","2018/10/20 19:32","C103","10-2","5502","TH","5","TH","CALEF","BGR-026746","0",0.2,0.972187057440728,0.0278129425592726
"403","2018/10/20 19:32","C102","9-1","5501","TH","5","TH","97E5","BIR-026804","1",0.7,0.0209327515262717,0.979067248473728
"404","2018/10/20 19:32","C102","9-2","5501","TH","5","TH","CALEF","BGR-026746","0",0.2,0.949923126878309,0.0500768731216912
"401","2018/10/20 19:32","C101","8-1","5403","TH","4","TH","97E5","BIR-026804","1",0.7,0.122058443633577,0.877941556366423
"402","2018/10/20 19:32","C101","8-2","5403","TH","4","TH","CALEF","BGR-026746","0",0.2,0.983722015656067,0.0162779843439335
"399","2018/10/20 19:32","C100","7-1","5402","TH","4","TH","97E5","BIR-026804","1",0.7,0.0507675166457117,0.949232483354288
"400","2018/10/20 19:32","C100","7-2","5402","TH","4","TH","CALEF","BGR-026746","0",0.2,0.976572176030199,0.0234278239698012
"21","2016/8/9 09:15","C10","1-1","5012","TH","13","TH","1A5","BPR-030837","1",0.7,0.151662934646812,0.848337065353188
"22","2016/8/9 09:15","C10","1-2","5012","TH","13","TH","1C1","BPR-030837","1",0.7,0.2548165589641,0.7451834410359
"23","2016/8/9 09:15","C10","1-3","5012","TH","13","TH","1E1","BPR-030837","1",0.7,0.46414686464911,0.53585313535089
"1","2012/9/4 09:25","C1","1-1","5501","TH","5","TH","33G5","BIR-026804","1",0.7,0.207500061001338,0.792499938998662
"2","2012/9/4 09:25","C1","1-2","5501","TH","5","TH","CALGH","BGR-026746","0",0.2,0.939593403562559,0.060406596437441
